[
{"type":"header","version":"4.8.5","comment":"Export to JSON plugin for PHPMyAdmin"},
{"type":"database","name":"qqfRbkF42v"},
{"type":"table","name":"AspNetUsers","database":"qqfRbkF42v","data":
[
{"Id":"3d9110ff-de1b-4a43-9ace-caa493f474c0","UserName":"Kavi","NormalizedUserName":"KAVI","Email":"kavi2@gmail.com","NormalizedEmail":"KAVI2@GMAIL.COM","EmailConfirmed":"0","PasswordHash":"AQAAAAEAACcQAAAAEHkvShgB\/5qmx8wqUkG5oqZv0g3Rdut8soVC5vl7\/mYMsV5vpqwxLfAYBFqHEAqOkA==","SecurityStamp":"MNIQ2HC5XEJBWWQHMSBHCRWJ5OCMT3V7","ConcurrencyStamp":"3f546b35-8634-4e21-962b-8ff2184261ed","PhoneNumber":null,"PhoneNumberConfirmed":"0","TwoFactorEnabled":"0","LockoutEnd":null,"LockoutEnabled":"1","AccessFailedCount":"0"},
{"Id":"4da9463b-e566-4b45-8357-b409719ca5ba","UserName":"dini2","NormalizedUserName":"DINI2","Email":"dini2@gmail.com","NormalizedEmail":"DINI2@GMAIL.COM","EmailConfirmed":"0","PasswordHash":"AQAAAAEAACcQAAAAEPR8733rkOX67rWNnXqnRcvLwVkiucEXoDPUPLMYALJ2Vrx6P3QzQtPz1CBiP6qQzA==","SecurityStamp":"MMPFLFEVSKJ2G4I4MOJMAGCHEQKX6ZDS","ConcurrencyStamp":"2d493e9b-1906-4e3f-b2e5-ef771f3322eb","PhoneNumber":null,"PhoneNumberConfirmed":"0","TwoFactorEnabled":"0","LockoutEnd":null,"LockoutEnabled":"1","AccessFailedCount":"0"},
{"Id":"5513deb0-cb37-477b-b660-69036daa450f","UserName":"dini","NormalizedUserName":"DINI","Email":"dini26@gmail.com","NormalizedEmail":"DINI26@GMAIL.COM","EmailConfirmed":"0","PasswordHash":"AQAAAAEAACcQAAAAEGnYWLv+X8SL2qj9Zg1Vh4u+PLWqOOs6I0xlZc6ct6NxYeAF+FURM7GJq4+LIGtAZA==","SecurityStamp":"W2EMYMIVEVP6ZD4VISZWBG264CVNGCRQ","ConcurrencyStamp":"3fd08f78-214a-4b19-80dc-b277a7741ecc","PhoneNumber":null,"PhoneNumberConfirmed":"0","TwoFactorEnabled":"0","LockoutEnd":null,"LockoutEnabled":"1","AccessFailedCount":"0"},
{"Id":"5a00434e-035f-42cd-b0b5-d07f7ab71e8d","UserName":"dini12","NormalizedUserName":"DINI12","Email":"dini1@gmail.com","NormalizedEmail":"DINI1@GMAIL.COM","EmailConfirmed":"0","PasswordHash":"AQAAAAEAACcQAAAAEEiJsoWWO\/y9YhXBBzzZLa3FhOTNmxgcjPHEBA029zLoOu2eeQdUJv2FnRoHa3WM1A==","SecurityStamp":"A6OKM6NWOUITPEYEWFRIR7FUPMXNJHUY","ConcurrencyStamp":"78cbd4fa-881f-43f1-8653-4ad40aa10036","PhoneNumber":null,"PhoneNumberConfirmed":"0","TwoFactorEnabled":"0","LockoutEnd":null,"LockoutEnabled":"1","AccessFailedCount":"0"},
{"Id":"77f0b370-efac-4d8e-b6f3-907c78c2296f","UserName":"user","NormalizedUserName":"USER","Email":"user12@gmail.com","NormalizedEmail":"USER12@GMAIL.COM","EmailConfirmed":"0","PasswordHash":"AQAAAAEAACcQAAAAELP1hlhRVnDJqxf6EoKGst+7o2nEJOeni9EMkFrHDuaA7by+TRSW23WeuEoe6AD68Q==","SecurityStamp":"PE3XZKWGLVAS722ATDUH3QWD4GKZXKY5","ConcurrencyStamp":"98cedbfb-0cfb-4d19-a6cb-454bb3319b3b","PhoneNumber":null,"PhoneNumberConfirmed":"0","TwoFactorEnabled":"0","LockoutEnd":null,"LockoutEnabled":"1","AccessFailedCount":"0"},
{"Id":"7e225481-4fbf-4837-8b20-a21f1e644a50","UserName":"Renni","NormalizedUserName":"RENNI","Email":"renniw12@gmail.com","NormalizedEmail":"RENNIW12@GMAIL.COM","EmailConfirmed":"0","PasswordHash":"AQAAAAEAACcQAAAAEM1\/xU\/vRqzMlZGlMV7ZGzm897MKU0ErsqmOpiBuT1i1ANridKJfUVY8NJ\/pdmzYbg==","SecurityStamp":"JRZT6C2TSVMQBOTJJ4HBKJGDVTMGP65A","ConcurrencyStamp":"c608b3c6-4f2b-445b-9e52-c9c42cd145bb","PhoneNumber":null,"PhoneNumberConfirmed":"0","TwoFactorEnabled":"0","LockoutEnd":null,"LockoutEnabled":"1","AccessFailedCount":"0"},
{"Id":"ab26ddd7-85de-4b16-b2f6-7bf8e592265c","UserName":"user2","NormalizedUserName":"USER2","Email":"user13@gmail.com","NormalizedEmail":"USER13@GMAIL.COM","EmailConfirmed":"0","PasswordHash":"AQAAAAEAACcQAAAAEIqLvUThODJqGOKsc2MJ9jh4JDBGdZJSDJeHBdKJfq4oEGMiNM1uo4gtWM4P7DBsVg==","SecurityStamp":"VEWMZQQJ5UX2BZBEAVG4WQEE3WNU2CRC","ConcurrencyStamp":"674db861-fabe-4ab5-b26e-3c6d8e06b537","PhoneNumber":null,"PhoneNumberConfirmed":"0","TwoFactorEnabled":"0","LockoutEnd":null,"LockoutEnabled":"1","AccessFailedCount":"0"},
{"Id":"b3f28c99-9b44-4370-a517-e717c15c0575","UserName":"dini3","NormalizedUserName":"DINI3","Email":"dini3@gmail.com","NormalizedEmail":"DINI3@GMAIL.COM","EmailConfirmed":"0","PasswordHash":"AQAAAAEAACcQAAAAEPnQu6CzDLyvial9RzjED+SJ9dpsH3091sproup6+ZyM73TivWMIT\/nCF5ta8UdOtA==","SecurityStamp":"QGQ3YVOBNUFF6R2BJ42PEQZW76GOD6JS","ConcurrencyStamp":"871f0567-e8c3-4bc7-8c90-42828dddd707","PhoneNumber":null,"PhoneNumberConfirmed":"0","TwoFactorEnabled":"0","LockoutEnd":null,"LockoutEnabled":"1","AccessFailedCount":"0"},
{"Id":"e8fd613f-13e9-4fbb-8383-e024f157f9ee","UserName":"dafa","NormalizedUserName":"DAFA","Email":"dafa12@gmail.com","NormalizedEmail":"DAFA12@GMAIL.COM","EmailConfirmed":"0","PasswordHash":"AQAAAAEAACcQAAAAEKcDZXh5YDg8dfAWtS\/FL1Anqhni1rnRO8Rin6\/iT0rnN5GKuIMgbWrQFqiSLum+pA==","SecurityStamp":"5HBSNX5NPJMPG7XQU5WZEXOZVUOUE76M","ConcurrencyStamp":"ebc1e8c5-1bc2-4870-9401-cde08a2205ac","PhoneNumber":null,"PhoneNumberConfirmed":"0","TwoFactorEnabled":"0","LockoutEnd":null,"LockoutEnabled":"1","AccessFailedCount":"0"}
]
}
]
