[
{"type":"header","version":"4.8.5","comment":"Export to JSON plugin for PHPMyAdmin"},
{"type":"database","name":"qqfRbkF42v"},
{"type":"table","name":"RefreshToken","database":"qqfRbkF42v","data":
[
{"Id":"1","UserId":"5513deb0-cb37-477b-b660-69036daa450f","Token":"V98GJK05HVEM3LHHK1YCU8CE91Y4FRM9CLL3c684a47-0c4c-44f0-94bb-dfc2b14dd0bd","JwtId":"c98c3144-ea8f-4845-b13c-c70a221a7efa","IsUsed":"0","IsRevorked":"0","AddedDate":"2022-03-30 10:59:46","ExpireDate":"2022-09-30 10:59:46"},
{"Id":"2","UserId":"e8fd613f-13e9-4fbb-8383-e024f157f9ee","Token":"ZYHGB24J8OD6IMFRAN8S03CJCRRJM5M5TU39437ecd0-b7f2-4eff-9f96-0cf9f4423d40","JwtId":"9c30a0bb-d7e8-42bf-b22f-3ef8910a13fb","IsUsed":"0","IsRevorked":"0","AddedDate":"2022-03-30 11:02:45","ExpireDate":"2022-09-30 11:02:45"},
{"Id":"3","UserId":"e8fd613f-13e9-4fbb-8383-e024f157f9ee","Token":"3RWO9WVRTD51D7ZMMAY631M7RL6OCYP8O0T38298bc5-67cf-4fad-9b32-2e3d87d2dd96","JwtId":"27832e2d-301b-4126-85fc-f6b8386d644f","IsUsed":"0","IsRevorked":"0","AddedDate":"2022-03-30 11:05:52","ExpireDate":"2022-09-30 11:05:52"},
{"Id":"4","UserId":"7e225481-4fbf-4837-8b20-a21f1e644a50","Token":"5ZYXT0364JX2QV1J5MOZW0OKZ0GVJI9FILM2862be68-45ae-4f34-bcb6-b561642e0ba8","JwtId":"d752f9dc-a3c9-48f4-9682-ddcd99147277","IsUsed":"0","IsRevorked":"0","AddedDate":"2022-03-30 12:08:40","ExpireDate":"2022-09-30 12:08:40"},
{"Id":"5","UserId":"7e225481-4fbf-4837-8b20-a21f1e644a50","Token":"GX3QJ3Y2MCDZSC4F9UK7KEIX6DI7T31LO2U15ec974f-c950-4131-aadf-46b5ad78c146","JwtId":"7127e76b-f803-402d-83e1-7a7be48a8f83","IsUsed":"0","IsRevorked":"0","AddedDate":"2022-03-30 12:09:49","ExpireDate":"2022-09-30 12:09:49"},
{"Id":"6","UserId":"77f0b370-efac-4d8e-b6f3-907c78c2296f","Token":"S90FCES4J68ZZV6GLAQTTYKFXAXD03Z1K3L8899bbae-e5da-4d90-b912-b0b5f918100d","JwtId":"b5e4fd58-7972-4981-bb44-a3791b23a199","IsUsed":"0","IsRevorked":"0","AddedDate":"2022-03-30 13:49:08","ExpireDate":"2022-09-30 13:49:08"},
{"Id":"7","UserId":"77f0b370-efac-4d8e-b6f3-907c78c2296f","Token":"HELTLCG2Q57F57HG7I9PLKH4ONOD22V1PN3520c7227-7258-4270-89c9-c1a004e28130","JwtId":"0a749e6a-dc45-4723-b298-3ca716277b1f","IsUsed":"0","IsRevorked":"0","AddedDate":"2022-03-30 13:49:32","ExpireDate":"2022-09-30 13:49:32"},
{"Id":"8","UserId":"ab26ddd7-85de-4b16-b2f6-7bf8e592265c","Token":"AETAR15LVTO375QQSW9WNBXHOWV75C6YNX47255ea3d-e994-406b-8ab7-05b98fe3453b","JwtId":"4171c94a-b5fd-45ac-bfa4-5d5bdac4fc49","IsUsed":"0","IsRevorked":"0","AddedDate":"2022-03-30 13:55:49","ExpireDate":"2022-09-30 13:55:49"},
{"Id":"9","UserId":"ab26ddd7-85de-4b16-b2f6-7bf8e592265c","Token":"INZGJEJRJKFSVH91FVN5ZS3GEI6D6GLZS3S7dfe9cb8-5aff-47fe-b09a-571b1d265646","JwtId":"b117e924-637a-4899-9b6e-bc44cd52c849","IsUsed":"0","IsRevorked":"0","AddedDate":"2022-03-30 13:57:42","ExpireDate":"2022-09-30 13:57:42"},
{"Id":"10","UserId":"ab26ddd7-85de-4b16-b2f6-7bf8e592265c","Token":"QOAAUCCXA7GB9W1ALF9PSMGYF27KY352GHU8a6d338c-06c6-40b7-9407-fbfe436a4d67","JwtId":"41c3fddc-c3be-42b4-9a95-b6e2e3ad7ade","IsUsed":"0","IsRevorked":"0","AddedDate":"2022-03-30 13:57:55","ExpireDate":"2022-09-30 13:57:55"},
{"Id":"11","UserId":"7e225481-4fbf-4837-8b20-a21f1e644a50","Token":"NGMEKWT1URLIGQU9NHZ1ZE380D5LG3LYCK7057a3496-6d6b-4a94-b7c3-4804531b54c0","JwtId":"ddbac801-721a-4991-8655-f6133d183f1b","IsUsed":"0","IsRevorked":"0","AddedDate":"2022-03-30 14:07:24","ExpireDate":"2022-09-30 14:07:24"},
{"Id":"12","UserId":"7e225481-4fbf-4837-8b20-a21f1e644a50","Token":"TDPKSOUIMX5WVL5KV68C8LFMCV6R87677FAc6a74cb1-3805-4aa0-a2e3-16845b2934e8","JwtId":"1d9ce1ca-f719-4487-81e1-ba8482b38a8d","IsUsed":"0","IsRevorked":"0","AddedDate":"2022-03-30 16:53:21","ExpireDate":"2022-09-30 16:53:21"},
{"Id":"13","UserId":"7e225481-4fbf-4837-8b20-a21f1e644a50","Token":"6GK54ZDI7T1VWPZJXFOP1ROVORC0WLJ7ADWb926666b-c09d-46bf-8d1c-2d7762b5b32c","JwtId":"1ee52813-6614-4458-b8b8-bf7edb08415d","IsUsed":"0","IsRevorked":"0","AddedDate":"2022-03-30 16:53:53","ExpireDate":"2022-09-30 16:53:53"},
{"Id":"14","UserId":"3d9110ff-de1b-4a43-9ace-caa493f474c0","Token":"JQSVF6JBSE24GM6GBAGLJLK8W1QCHWM2DZGccad21ed-1f45-4175-909d-986c8918a9f3","JwtId":"b4b6cb3b-887f-4e80-8e9b-e6e7a35a85df","IsUsed":"0","IsRevorked":"0","AddedDate":"2022-03-30 17:19:37","ExpireDate":"2022-09-30 17:19:37"},
{"Id":"15","UserId":"3d9110ff-de1b-4a43-9ace-caa493f474c0","Token":"ALARSKWG77DT4RBBXZMOVIKI1JVJ4E6T1IAa3cdc6c6-e245-41fb-8581-12e1bd7def6a","JwtId":"41b450a9-98db-473e-9672-a7d790611a2a","IsUsed":"0","IsRevorked":"0","AddedDate":"2022-03-30 17:20:35","ExpireDate":"2022-09-30 17:20:35"},
{"Id":"16","UserId":"5a00434e-035f-42cd-b0b5-d07f7ab71e8d","Token":"DDLG4GKB4CLD3VX7TPT8DCAT1LV16Z9VFRZd3011bc9-97d1-4706-aadf-946d7b951574","JwtId":"be09fc11-a43a-4adb-a883-b3ed1eba30e9","IsUsed":"0","IsRevorked":"0","AddedDate":"2022-03-31 03:58:37","ExpireDate":"2022-09-30 03:58:37"},
{"Id":"17","UserId":"5a00434e-035f-42cd-b0b5-d07f7ab71e8d","Token":"89G38BCOSVHU736D96I84AD2OSGYQ702CAX4e451d2f-1fda-41c0-8c87-b207ab34fbf6","JwtId":"83f748df-a047-46e1-a0b4-1b9a7b69fe6d","IsUsed":"0","IsRevorked":"0","AddedDate":"2022-03-31 03:59:06","ExpireDate":"2022-09-30 03:59:06"},
{"Id":"18","UserId":"4da9463b-e566-4b45-8357-b409719ca5ba","Token":"XFRMEGAFM58M3FGPY2KMPV17R7K1QBLY9RU5fb8c29e-6dfa-48af-b37f-81fd315c7a77","JwtId":"62de40ea-8b54-4553-a77a-eee00538718f","IsUsed":"0","IsRevorked":"0","AddedDate":"2022-03-31 04:02:39","ExpireDate":"2022-09-30 04:02:39"},
{"Id":"19","UserId":"4da9463b-e566-4b45-8357-b409719ca5ba","Token":"J0S9Z356TNM70DXAUT6JSLQDELI8IG56J4N3c5700a4-9caa-48a1-b6cf-b7a1959a1269","JwtId":"848b79e7-f3fb-4a83-87ac-d8eadb480005","IsUsed":"0","IsRevorked":"0","AddedDate":"2022-03-31 04:03:03","ExpireDate":"2022-09-30 04:03:03"},
{"Id":"20","UserId":"b3f28c99-9b44-4370-a517-e717c15c0575","Token":"2QWJGIZNFAX9FER2YVVV12BGLF9YIDGGIEV9d4f1b5f-28f9-42ff-a2c2-e34dd5fce78e","JwtId":"c2b175d9-2e1c-4388-a3ff-01bd7b047df4","IsUsed":"0","IsRevorked":"0","AddedDate":"2022-03-31 05:27:13","ExpireDate":"2022-09-30 05:27:13"},
{"Id":"21","UserId":"b3f28c99-9b44-4370-a517-e717c15c0575","Token":"AZPVMB8HTP8Y0YCU60A6FASHI4RGRUUS8WV5c748b44-88db-442c-a5f9-be0f16c7036a","JwtId":"ab39d694-cc7f-4bb4-82e0-b87313e8cf86","IsUsed":"0","IsRevorked":"0","AddedDate":"2022-03-31 05:29:47","ExpireDate":"2022-09-30 05:29:47"},
{"Id":"22","UserId":"b3f28c99-9b44-4370-a517-e717c15c0575","Token":"PL5Z1CRQBHNTMUUZ5FPDNCRPWD3WKXEVNLCd281fee9-c20f-44e8-af50-7a435501e55c","JwtId":"4c0e573c-c173-4ff3-b69d-5516d646fb38","IsUsed":"0","IsRevorked":"0","AddedDate":"2022-03-31 05:41:51","ExpireDate":"2022-09-30 05:41:51"},
{"Id":"23","UserId":"b3f28c99-9b44-4370-a517-e717c15c0575","Token":"7AX979CIDYH7JDE5AV903FM5VR93HXB3IKR031f777e-cd89-4bf2-bdc5-4ce5f5599339","JwtId":"07a3a960-8465-4fba-8d9d-6f9326379335","IsUsed":"0","IsRevorked":"0","AddedDate":"2022-03-31 05:45:02","ExpireDate":"2022-09-30 05:45:02"}
]
}
]
