[{"paymentDetailId":2,"cardOwnerName":"Dini Tri Widianingsih","cardNumber":"22213","expirationDate":"2022/10/26","securityCode":"Dini123"},{"paymentDetailId":3,"cardOwnerName":"Wiwik Supiyati","cardNumber":"22345","expirationDate":"2022/09/21","securityCode":"Wiwik123"},{"paymentDetailId":4,"cardOwnerName":"Dicky Sastro","cardNumber":"22234","expirationDate":"2021/10/12","securityCode":"Dicky123"},{"paymentDetailId":6,"cardOwnerName":"Mega Utami","cardNumber":"22353","expirationDate":"2022/10/10","securityCode":"Mega123"}]