[{"date":"2022-03-31T17:16:53.8676937+00:00","temperatureC":51,"temperatureF":123,"summary":"Scorching"},{"date":"2022-04-01T17:16:53.8676973+00:00","temperatureC":9,"temperatureF":48,"summary":"Scorching"},{"date":"2022-04-02T17:16:53.8676975+00:00","temperatureC":-11,"temperatureF":13,"summary":"Cool"},{"date":"2022-04-03T17:16:53.8676978+00:00","temperatureC":40,"temperatureF":103,"summary":"Bracing"},{"date":"2022-04-04T17:16:53.8676993+00:00","temperatureC":-6,"temperatureF":22,"summary":"Warm"}]